{"l1_ratio": 1.508620223111925e-05, "topK": 4365, "alpha": 0.0017723142218989158, "workers": 2, "mw": 2, "mw_1": 6}