{"PRECISION": 0.0484217726961727, "PRECISION_RECALL_MIN_DEN": 0.07740720575666071, "RECALL": 0.07183242190526373, "MAP": 0.022265610094325313, "MAP_MIN_DEN": 0.035475860093051564, "MRR": 0.15516146407746953, "NDCG": 0.07401162157805644, "F1": 0.057848347282028346, "HIT_RATE": 0.3327958565425584, "ARHR_ALL_HITS": 0.18506444680220666, "NOVELTY": 0.00433914685756409, "AVERAGE_POPULARITY": 0.21422752659042965, "DIVERSITY_MEAN_INTER_LIST": 0.932318393323854, "DIVERSITY_HERFINDAHL": 0.9932295616073944, "COVERAGE_ITEM": 0.24152283021177623, "COVERAGE_ITEM_HIT": 0.051332272411963926, "ITEMS_IN_GT": 0.9953890725098952, "COVERAGE_USER": 0.9832568642052415, "COVERAGE_USER_HIT": 0.3272238103245334, "USERS_IN_GT": 0.9832568642052415, "DIVERSITY_GINI": 0.02195154914325177, "SHANNON_ENTROPY": 8.90793499350809, "RATIO_DIVERSITY_HERFINDAHL": 0.9934865133527169, "RATIO_DIVERSITY_GINI": 0.038912425081252686, "RATIO_SHANNON_ENTROPY": 0.650013668582866, "RATIO_AVERAGE_POPULARITY": 4.13679226296535, "RATIO_NOVELTY": 0.2806705068770997}