cutoff,PRECISION,PRECISION_RECALL_MIN_DEN,RECALL,MAP,MAP_MIN_DEN,MRR,NDCG,F1,HIT_RATE,ARHR_ALL_HITS,NOVELTY,AVERAGE_POPULARITY,DIVERSITY_MEAN_INTER_LIST,DIVERSITY_HERFINDAHL,COVERAGE_ITEM,COVERAGE_ITEM_HIT,ITEMS_IN_GT,COVERAGE_USER,COVERAGE_USER_HIT,USERS_IN_GT,DIVERSITY_GINI,SHANNON_ENTROPY,RATIO_DIVERSITY_HERFINDAHL,RATIO_DIVERSITY_GINI,RATIO_SHANNON_ENTROPY,RATIO_AVERAGE_POPULARITY,RATIO_NOVELTY
10,0.06083535108957708,0.08306179138321598,0.07240716921824154,0.029125459279755943,0.03953120543549652,0.1869338079864675,0.08451763434074161,0.06611876675130203,0.38455205811138016,0.23151849609900851,0.004329916171531066,0.2121180176037995,0.9340856988898124,0.9934063081802672,0.2587015954625209,0.05708573060758151,0.998327008609785,0.9920968555574239,0.381512887650436,0.9920968555574239,0.02404806435690713,9.010643389654337,0.9936934525332658,0.044682687401135276,0.6620401539092099,4.120051922423715,0.30248562684569086
