{"topK": 5566, "l1_ratio": 0.001400107977891441, "alpha": 0.0013526440430809482}