{"PRECISION": 0.04928340833495702, "PRECISION_RECALL_MIN_DEN": 0.07902728087256303, "RECALL": 0.07322578970954287, "MAP": 0.022694389901332556, "MAP_MIN_DEN": 0.03610516059956094, "MRR": 0.15852585498752922, "NDCG": 0.07545537217223373, "F1": 0.058915029279585016, "HIT_RATE": 0.33931715906867543, "ARHR_ALL_HITS": 0.18864648260987013, "NOVELTY": 0.004328934938439531, "AVERAGE_POPULARITY": 0.21224612000681664, "DIVERSITY_MEAN_INTER_LIST": 0.9340044366256524, "DIVERSITY_HERFINDAHL": 0.9933981593629256, "COVERAGE_ITEM": 0.25698779940425187, "COVERAGE_ITEM_HIT": 0.054025380503529605, "ITEMS_IN_GT": 0.995225853837679, "COVERAGE_USER": 0.9821999087174806, "COVERAGE_USER_HIT": 0.33327728266352785, "USERS_IN_GT": 0.9821999087174806, "DIVERSITY_GINI": 0.023927604311747782, "SHANNON_ENTROPY": 9.005542465711176, "RATIO_DIVERSITY_HERFINDAHL": 0.9936853013605065, "RATIO_DIVERSITY_GINI": 0.044458865705455396, "RATIO_SHANNON_ENTROPY": 0.661665373072107, "RATIO_AVERAGE_POPULARITY": 4.122540105925428, "RATIO_NOVELTY": 0.30241707842696486}